,test_index,Target
0,6557,1
1,6558,1
2,6559,1
3,6560,0
4,6561,0
5,6562,0
6,6563,0
7,6564,0
8,6565,1
9,6566,1
10,6567,0
11,6568,0
12,6569,1
13,6570,1
14,6571,1
15,6572,1
16,6573,1
17,6574,1
18,6575,0
19,6576,0
20,6577,0
21,6578,0
22,6579,0
23,6580,0
24,6581,1
25,6582,1
26,6583,1
27,6584,0
28,6585,0
29,6586,0
30,6587,0
31,6588,1
32,6589,1
33,6590,1
34,6591,1
35,6592,1
36,6593,0
37,6594,1
38,6595,1
39,6596,1
40,6597,1
41,6598,1
42,6599,1
43,6600,1
44,6601,1
45,6602,1
46,6603,1
47,6604,1
48,6605,1
49,6606,1
50,6607,1
51,6608,1
52,6609,1
53,6610,1
54,6611,1
55,6612,1
56,6613,1
57,6614,1
58,6615,1
59,6616,1
60,6617,1
61,6618,1
62,6619,0
63,6620,0
64,6621,0
65,6622,0
66,6623,0
67,6624,0
68,6625,0
69,6626,0
70,6627,0
71,6628,0
72,6629,0
73,6630,0
74,6631,0
75,6632,0
76,6633,0
77,6634,0
78,6635,0
79,6636,0
80,6637,0
81,6638,0
82,6639,0
83,6640,0
84,6641,0
85,6642,0
86,6643,1
87,6644,1
88,6645,1
89,6646,1
90,6647,1
91,6648,1
92,6649,1
93,6650,0
94,6651,0
95,6652,0
96,6653,0
97,6654,0
98,6655,0
99,6656,0
100,6657,0
101,6658,0
102,6659,0
103,6660,0
104,6661,0
105,6662,0
106,6663,1
107,6664,1
108,6665,0
109,6666,0
110,6667,0
111,6668,0
112,6669,0
113,6670,1
114,6671,0
115,6672,1
116,6673,1
117,6674,1
118,6675,1
119,6676,1
120,6677,1
121,6678,1
122,6679,1
123,6680,1
124,6681,1
125,6682,0
126,6683,0
127,6684,0
128,6685,0
129,6686,1
130,6687,1
131,6688,1
132,6689,1
133,6690,0
134,6691,0
135,6692,1
136,6693,0
137,6694,0
138,6695,0
139,6696,0
140,6697,0
141,6698,0
142,6699,0
143,6700,0
144,6701,0
145,6702,0
146,6703,0
147,6704,0
148,6705,0
149,6706,0
150,6707,0
151,6708,1
152,6709,0
153,6710,1
154,6711,0
155,6712,1
156,6713,1
157,6714,1
158,6715,1
159,6716,1
160,6717,1
161,6718,0
162,6719,1
163,6720,1
164,6721,1
165,6722,1
166,6723,1
167,6724,1
168,6725,1
169,6726,1
170,6727,1
171,6728,1
172,6729,1
173,6730,1
174,6731,0
175,6732,0
176,6733,0
177,6734,0
178,6735,0
179,6736,0
180,6737,0
181,6738,0
182,6739,0
183,6740,0
184,6741,0
185,6742,0
186,6743,1
187,6744,1
188,6745,1
189,6746,1
190,6747,1
191,6748,1
192,6749,1
193,6750,1
194,6751,1
195,6752,1
196,6753,1
197,6754,1
198,6755,1
199,6756,1
200,6757,1
201,6758,1
202,6759,1
203,6760,1
204,6761,1
205,6762,1
206,6763,1
207,6764,1
208,6765,1
209,6766,1
210,6767,1
211,6768,1
212,6769,1
213,6770,1
214,6771,1
215,6772,1
216,6773,1
217,6774,0
218,6775,0
219,6776,0
220,6777,0
221,6778,0
222,6779,0
223,6780,0
224,6781,0
225,6782,1
226,6783,1
227,6784,1
228,6785,1
229,6786,1
230,6787,1
231,6788,1
232,6789,0
233,6790,1
234,6791,1
235,6792,1
236,6793,1
237,6794,1
238,6795,1
239,6796,1
240,6797,1
241,6798,1
242,6799,1
243,6800,1
244,6801,0
245,6802,1
246,6803,1
247,6804,1
248,6805,0
249,6806,0
250,6807,0
251,6808,0
252,6809,0
253,6810,0
254,6811,0
255,6812,0
256,6813,0
257,6814,0
258,6815,0
259,6816,0
260,6817,0
261,6818,0
262,6819,1
263,6820,1
264,6821,0
265,6822,0
266,6823,0
267,6824,0
268,6825,1
269,6826,1
270,6827,1
271,6828,1
272,6829,1
273,6830,1
274,6831,1
275,6832,1
276,6833,1
277,6834,0
278,6835,0
279,6836,0
280,6837,1
281,6838,1
282,6839,1
283,6840,0
284,6841,1
285,6842,0
286,6843,0
287,6844,0
288,6845,0
289,6846,0
290,6847,0
291,6848,0
292,6849,1
293,6850,1
294,6851,1
295,6852,1
296,6853,1
297,6854,1
298,6855,1
299,6856,1
300,6857,1
301,6858,1
302,6859,1
303,6860,1
304,6861,1
305,6862,0
306,6863,0
307,6864,0
308,6865,1
309,6866,1
310,6867,1
311,6868,1
312,6869,1
313,6870,1
314,6871,0
315,6872,1
316,6873,1
317,6874,1
318,6875,0
319,6876,1
320,6877,1
321,6878,1
322,6879,1
323,6880,1
324,6881,1
325,6882,1
326,6883,1
327,6884,1
328,6885,1
329,6886,1
330,6887,1
331,6888,1
332,6889,1
333,6890,1
334,6891,1
335,6892,1
336,6893,1
337,6894,1
338,6895,1
339,6896,1
340,6897,1
341,6898,1
342,6899,1
343,6900,1
344,6901,1
345,6902,0
346,6903,0
347,6904,0
348,6905,0
349,6906,0
350,6907,0
351,6908,1
352,6909,1
353,6910,0
354,6911,1
355,6912,0
356,6913,1
357,6914,1
358,6915,1
359,6916,1
360,6917,1
361,6918,1
362,6919,1
363,6920,1
364,6921,1
365,6922,1
366,6923,0
367,6924,0
368,6925,0
369,6926,0
370,6927,0
371,6928,0
372,6929,0
373,6930,0
374,6931,0
375,6932,0
376,6933,0
377,6934,0
378,6935,0
379,6936,0
380,6937,0
381,6938,0
382,6939,0
383,6940,0
384,6941,0
385,6942,0
386,6943,0
387,6944,0
388,6945,0
389,6946,0
390,6947,0
391,6948,0
392,6949,0
393,6950,0
394,6951,1
395,6952,1
396,6953,1
397,6954,1
398,6955,1
399,6956,1
400,6957,1
401,6958,1
402,6959,0
403,6960,0
404,6961,0
405,6962,1
406,6963,0
407,6964,1
408,6965,0
409,6966,0
410,6967,0
411,6968,0
412,6969,0
413,6970,0
414,6971,0
415,6972,0
416,6973,1
417,6974,0
418,6975,1
419,6976,1
420,6977,1
421,6978,1
422,6979,1
423,6980,1
424,6981,1
425,6982,1
426,6983,1
427,6984,1
428,6985,1
429,6986,1
430,6987,0
431,6988,0
432,6989,0
433,6990,0
434,6991,1
435,6992,1
436,6993,0
437,6994,0
438,6995,0
439,6996,0
440,6997,1
441,6998,0
442,6999,0
443,7000,0
444,7001,0
445,7002,0
446,7003,0
447,7004,0
448,7005,0
449,7006,0
450,7007,0
451,7008,0
452,7009,0
453,7010,0
454,7011,0
455,7012,0
456,7013,0
457,7014,0
458,7015,0
459,7016,0
460,7017,0
461,7018,1
462,7019,1
463,7020,1
464,7021,1
465,7022,1
466,7023,1
467,7024,0
468,7025,0
469,7026,0
470,7027,0
471,7028,0
472,7029,0
473,7030,0
474,7031,1
475,7032,1
476,7033,1
477,7034,0
478,7035,1
479,7036,0
480,7037,0
481,7038,1
482,7039,1
483,7040,0
484,7041,0
485,7042,0
486,7043,0
487,7044,0
488,7045,0
489,7046,0
490,7047,0
491,7048,0
492,7049,0
493,7050,0
494,7051,0
495,7052,0
496,7053,0
497,7054,0
498,7055,0
499,7056,0
500,7057,0
501,7058,0
502,7059,0
503,7060,0
504,7061,0
505,7062,0
506,7063,0
507,7064,0
508,7065,0
509,7066,0
510,7067,0
511,7068,0
512,7069,0
513,7070,1
514,7071,1
515,7072,1
516,7073,1
517,7074,1
518,7075,1
519,7076,0
520,7077,0
521,7078,0
522,7079,1
523,7080,1
524,7081,1
525,7082,1
526,7083,1
527,7084,1
528,7085,1
529,7086,1
530,7087,1
531,7088,1
532,7089,1
533,7090,1
534,7091,1
535,7092,1
536,7093,1
537,7094,1
538,7095,1
539,7096,1
540,7097,1
541,7098,1
542,7099,1
543,7100,1
544,7101,1
545,7102,1
546,7103,1
547,7104,1
548,7105,1
549,7106,1
550,7107,1
551,7108,0
552,7109,0
553,7110,0
554,7111,0
555,7112,0
556,7113,0
557,7114,0
558,7115,0
559,7116,0
560,7117,0
561,7118,0
562,7119,0
563,7120,0
564,7121,0
565,7122,0
566,7123,0
567,7124,1
568,7125,0
569,7126,0
570,7127,0
571,7128,0
572,7129,0
573,7130,1
574,7131,0
575,7132,1
576,7133,1
577,7134,0
578,7135,0
579,7136,1
580,7137,1
581,7138,1
582,7139,1
583,7140,1
584,7141,1
585,7142,1
586,7143,1
587,7144,1
588,7145,1
589,7146,1
590,7147,1
591,7148,1
592,7149,0
593,7150,1
594,7151,0
595,7152,0
596,7153,1
597,7154,0
598,7155,1
599,7156,1
600,7157,1
601,7158,0
602,7159,0
603,7160,0
604,7161,0
605,7162,1
606,7163,0
607,7164,0
608,7165,0
609,7166,0
610,7167,0
611,7168,0
612,7169,0
613,7170,0
614,7171,1
615,7172,1
616,7173,0
617,7174,0
618,7175,0
619,7176,0
620,7177,0
621,7178,0
622,7179,0
623,7180,0
624,7181,0
625,7182,0
626,7183,0
627,7184,0
628,7185,0
629,7186,1
630,7187,0
631,7188,1
632,7189,1
633,7190,1
634,7191,1
635,7192,1
636,7193,1
637,7194,1
638,7195,1
639,7196,1
640,7197,1
641,7198,1
642,7199,1
643,7200,1
644,7201,1
645,7202,1
646,7203,1
647,7204,1
648,7205,1
649,7206,1
650,7207,1
651,7208,1
652,7209,1
653,7210,1
654,7211,1
655,7212,1
656,7213,1
657,7214,0
658,7215,0
659,7216,0
660,7217,0
661,7218,0
662,7219,0
663,7220,0
664,7221,0
665,7222,0
666,7223,0
667,7224,0
668,7225,0
669,7226,0
670,7227,0
671,7228,0
672,7229,0
673,7230,0
674,7231,0
675,7232,0
676,7233,1
677,7234,1
678,7235,1
679,7236,1
680,7237,1
681,7238,1
682,7239,1
683,7240,1
684,7241,0
685,7242,1
686,7243,0
687,7244,1
688,7245,1
689,7246,0
690,7247,0
691,7248,0
692,7249,1
693,7250,1
694,7251,0
695,7252,1
696,7253,1
697,7254,1
698,7255,1
699,7256,1
700,7257,1
701,7258,1
702,7259,1
703,7260,1
704,7261,1
705,7262,1
706,7263,1
707,7264,1
708,7265,1
709,7266,1
710,7267,1
711,7268,1
712,7269,1
713,7270,1
714,7271,0
715,7272,0
716,7273,0
717,7274,0
718,7275,0
719,7276,0
720,7277,0
721,7278,0
722,7279,0
723,7280,0
724,7281,0
725,7282,0
